{"cameraMode":{"drawMode":0,"name":"Shaded","section":"Shading Mode"},"sceneLighting":true,"audioPlay":false,"sceneViewState":{"showFog":true,"showMaterialUpdate":false,"showSkybox":true,"showFlares":true,"showImageEffects":true,"showParticleSystems":true},"in2DMode":false,"pivot":{"x":-0.6304287910461426,"y":-1.4522781372070313,"z":-1.713637351989746},"rotation":{"x":0.10820627957582474,"y":-0.15738283097743989,"z":0.017351921647787095,"w":0.9814356565475464},"size":12.187908172607422,"orthographic":false}